<?xml version="1.0" encoding="UTF-8"?>
<web-app xmlns="http://xmlns.jcp.org/xml/ns/javaee"
         xmlns:xsi="http://www.w3.org/2001/XMLSchema-instance"
         xsi:schemaLocation="http://xmlns.jcp.org/xml/ns/javaee http://xmlns.jcp.org/xml/ns/javaee/web-app_3_1.xsd"
         version="3.1">

    <display-name>Mutualfunds</display-name>

    <welcome-file-list>
        <welcome-file>index.jsp</welcome-file> <!-- or your starting page -->
    </welcome-file-list>

    <!-- Example servlet mapping -->
   <servlet>
    <servlet-name>RegisterServlet</servlet-name>
    <servlet-class>com.mutualfunds.controllers.RegisterServlet</servlet-class>
</servlet>
<servlet-mapping>
    <servlet-name>RegisterServlet</servlet-name>
    <url-pattern>/register</url-pattern>
</servlet-mapping>
   
    <!-- Additional servlet mappings here -->
</web-app>
